id,locs
1,86,86,86,87,87,87,87,87,88,88,88,88,88,88,89,89,89,89,89,89,89,90,90,90,90,90,90,90,91,91,91,91,91,91,91,92,92,92,92,92,92,93,93,93,93,94,94,94
1,198,199,200,197,198,199,200,201,196,197,198,199,200,201,195,196,197,198,199,200,201,195,196,197,198,199,200,201,195,196,197,198,199,200,201,195,196,197,198,199,200,196,197,198,199,196,197,198
2,93,93,93,93,94,94,94,94,94,94,95,95,95,95,95,95,95,96,96,96,96,96,96,96,96,97,97,97,97,97,97,97,97,98,98,98,98,98,98,98,99,99,99,99,99,99,100,100,100,100,101
2,246,247,248,249,245,246,247,248,249,250,244,245,246,247,248,249,250,243,244,245,246,247,248,249,250,243,244,245,246,247,248,249,250,243,244,245,246,247,248,249,243,244,245,246,247,248,244,245,246,247,245
3,94,94,95,95,95,95,95,96,96,96,96,96,96,97,97,97,97,97,97,97,98,98,98,98,98,98,98,99,99,99,99,99,99,99,100,100,100,100,100,100,101,101,101,101,101,101,102,102,102,103
3,208,209,206,207,208,209,210,205,206,207,208,209,210,204,205,206,207,208,209,210,204,205,206,207,208,209,210,204,205,206,207,208,209,210,204,205,206,207,208,209,204,205,206,207,208,209,205,206,207,206
4,101,101,101,102,102,102,103,103,104,104,105,105,106,106,107
4,102,103,104,104,105,106,107,108,108,109,110,111,111,112,112
5,101,101,101,102,102,102,102,102,103,103,103,103,103,103,103,104,104,104,104,104,104,104,104,105,105,105,105,105,105,105,105,106,106,106,106,106,106,106,106,107,107,107,107,107,107,107,108,108,108,108,108,109,109,109
5,229,230,231,228,229,230,231,232,227,228,229,230,231,232,233,226,227,228,229,230,231,232,233,226,227,228,229,230,231,232,233,226,227,228,229,230,231,232,233,226,227,228,229,230,231,232,227,228,229,230,231,228,229,230
6,108,109
6,113,114
7,105,106,106,106,106,106,106,107,107,107,107,107,107,107,108,108,108,108,108,108,108,108,109,109,109,109,109,109,109,109,110,110,110,110,110,110,110,110,111,111,111,111,111,111,111,111,112,112,112,112,112,112,112,113,113,113,113,113,113,113,114,114,114,114,115,115
7,198,195,196,197,198,199,200,194,195,196,197,198,199,200,193,194,195,196,197,198,199,200,193,194,195,196,197,198,199,200,193,194,195,196,197,198,199,200,193,194,195,196,197,198,199,200,193,194,195,196,197,198,199,193,194,195,196,197,198,199,194,195,196,197,195,196
8,106,106,106,106,107,107,107,107,107,107,108,108,108,108,108,108,108,109,109,109,109,109,109,109,110,110,110,110,110,110,111,111,111,111,111,111,112,112,112,112,112,112,113,113,113,113,113,114,114,114,114,115
8,215,216,217,218,213,214,215,216,217,218,212,213,214,215,216,217,218,212,213,214,215,216,217,218,212,213,214,215,216,217,212,213,214,215,216,217,212,213,214,215,216,217,212,213,214,215,216,212,213,214,215,213
9,110,110,111
9,115,116,115
10,112,113
10,117,117
11,114
11,118
12,114,115,115,115,115,115,116,116,116,116,116,116,117,117,117,117,117,117,118,118,118,118,118,118,119,119,119,119,119,119,120,120,120,120,120,121,121,121,121,122,122,122
12,308,305,306,307,308,309,305,306,307,308,309,310,304,305,306,307,308,309,304,305,306,307,308,309,304,305,306,307,308,309,304,305,306,307,308,304,305,306,307,304,305,306
13,119
13,121
14,116,117,117,118,118,118,118,119,119,119,119,119,119,120,120,120,120,120,120,121,121,121,121,121,122,122,122,122,122,123,123,123,123,124,124
14,211,210,211,209,210,211,212,208,209,210,211,212,213,208,209,210,211,212,213,208,209,210,211,212,208,209,210,211,212,209,210,211,212,210,211
15,117,117,118,118,118,118,118,119,119,119,119,119,119,120,120,120,120,120,120,121,121,121,121,121,121,121,122,122,122,122,122,122,122,123,123,123,123,123,123,123,124,124,124,124,124,124,125,125,125,125,125,126,126,126,127,127
15,221,222,219,220,221,222,223,218,219,220,221,222,223,218,219,220,221,222,223,217,218,219,220,221,222,223,217,218,219,220,221,222,223,217,218,219,220,221,222,223,217,218,219,220,221,222,217,218,219,220,221,218,219,220,218,219
16,121,122,122
16,249,248,249
17,119,119,119,120,120,120,120,120,121,121,121,121,121,122,122,122,122,122,123,123,123,123,123,123,124,124,124,124,124,125,125,125,125,125,126,126,126,126,126,126,127,127,127,128
17,252,253,254,250,251,252,253,254,251,252,253,254,255,251,252,253,254,255,250,251,252,253,254,255,250,251,252,253,254,250,251,252,253,254,248,249,250,251,252,253,249,250,251,250
18,119,119,120,120,120,121,121,121,121,122,122,122,122,123,123,123,123,123,123,124,124,124,124,124,124,125,125,125,125,125,126,126,127
18,192,193,191,192,193,190,191,192,193,190,191,192,193,189,190,191,192,193,194,189,190,191,192,193,194,189,190,191,192,193,191,192,191
19,126
19,123
20,121,121,122,122,122,122,122,123,123,123,123,123,123,124,124,124,124,124,124,124,125,125,125,125,125,125,125,125,125,126,126,126,126,126,126,126,126,126,126,127,127,127,127,127,127,127,127,127,127,128,128,128,128,128,128,128,128,128,128,129,129,129,129,129,129,129,129,129,130,130,130,130,130,130,130,131,131,131,131,131,131,132,132,132,132,132,133,133,133,133,134,134,134
20,285,286,283,284,285,286,287,282,283,284,285,286,287,281,282,283,284,285,286,287,279,280,281,282,283,284,285,286,287,278,279,280,281,282,283,284,285,286,287,277,279,280,281,282,283,284,285,286,287,276,277,279,280,281,282,283,284,285,286,276,278,279,280,281,282,283,284,285,276,279,280,281,282,283,284,276,279,280,281,282,283,276,277,278,279,280,277,278,279,280,277,278,279
21,124,124,124,124,124,125,125,125,125,125,125,125,126,126,126,126,126,126,126,126,127,127,127,127,127,127,127,128,128,128,128,128,128,128,128,129,129,129,129,129,129,129,129,130,130,130,130,130,130,131,131,131,131,131
21,297,298,299,300,301,296,297,298,299,300,301,302,295,296,297,298,299,300,301,302,295,296,297,298,299,300,301,294,295,296,297,298,299,300,301,294,295,296,297,298,299,300,301,294,295,296,297,298,299,295,296,297,298,299
22,124,124,124,124,125,125,125,125,125,126,126,126,126,126,126,127,127,127,127,127,127,127,128,128,128,128,128,128,128,129,129,129,129,129,129,129,129,130,130,130,130,130,130,130,131,131,131,131,131,131,132,132,132
22,262,263,264,265,261,262,263,264,265,260,261,262,263,264,265,259,260,261,262,263,264,265,259,260,261,262,263,264,265,258,259,260,261,262,263,264,265,258,259,260,261,262,263,264,258,259,260,261,262,263,259,260,261
23,126,126,126,126,126,127,127,127,127,127,127,127,128,128,128,128,128,128,128,128,129,129,129,129,129,129,129,129,129,130,130,130,130,130,130,130,130,131,131,131,131,131,131,131,131,132,132,132,132,132,132,132,133,133,133,133,134,134
23,179,180,181,182,183,177,178,179,180,181,182,183,177,178,179,180,181,182,183,184,176,177,178,179,180,181,182,183,184,176,177,178,179,180,181,182,183,176,177,178,179,180,181,182,183,176,177,178,179,180,181,182,177,178,179,180,178,179
24,126,127,127,127,127,127,127,128,128,128,128,128,128,128,128,129,129,129,129,129,129,129,129,130,130,130,130,130,130,130,130,130,131,131,131,131,131,131,131,131,131,132,132,132,132,132,132,132,133,133,133,133,133,133,134,134,134,134,135,135
24,230,228,229,230,231,232,233,227,228,229,230,231,232,233,234,227,228,229,230,231,232,233,234,226,227,228,229,230,231,232,233,234,226,227,228,229,230,231,232,233,234,227,228,229,230,231,232,233,227,228,229,230,231,232,228,229,230,231,229,230
25,130,130,131,131,131,132,132,132,132,132,132,132,133,133,133,133,133,133,133,134,134,134,134,134,134,134,134,135,135,135,135,135,135,135,135,136,136,136,136,136,136,136,136,137,137,137,137,137,137,137,137,138,138,138,138,138,139,139,139,139,140,140
25,269,270,268,269,270,265,266,267,268,269,270,271,265,266,267,268,269,270,271,264,265,266,267,268,269,270,271,264,265,266,267,268,269,270,271,264,265,266,267,268,269,270,271,264,265,266,267,268,269,270,271,265,266,267,268,269,265,266,267,268,266,267
26,132,132,132,132,133,133,133,133,133,133,134,134,134,134,134,134,134,135,135,135,135,135,135,135,135,136,136,136,136,136,136,136,136,137,137,137,137,137,137,137,137,138,138,138,138,138,138,138,139,139,139,139,139,140,140,140,140,141,141,141,141,141,142,142,142,142,142,143,143,143,143,143,144,144,144,144,144,145,145,145,145,145,146,146,146,146,146,147,147,147,147,147,148,148,148,149,149
26,314,315,316,317,312,313,314,315,316,317,311,312,313,314,315,316,317,310,311,312,313,314,315,316,317,310,311,312,313,314,315,316,317,309,310,311,312,313,314,315,316,309,310,311,312,313,314,315,309,311,312,313,314,309,311,312,313,308,309,310,311,312,306,307,308,309,310,305,306,307,308,309,305,306,307,308,309,305,306,307,308,309,305,306,307,308,309,305,306,307,308,309,306,307,308,306,307
27,132,132,132,133,133,133,133,133,133,134,134,134,134,134,134,135,135,135,135,135,135,136,136,136,136,136,137,137,137,137,138,138
27,218,219,222,217,218,219,220,221,222,217,218,219,220,221,222,216,217,218,219,220,221,216,217,218,219,220,216,217,218,219,217,218
28,134,134,135,135,135,135,135,136,136,136,136,136,136,137,137,137,137,137,137,137,138,138,138,138,138,138,138,139,139,139,139,139,139,140,140,140,140,140,140,141,141,141,141,141,142,142,142,143
28,169,170,167,168,169,170,171,166,167,168,169,170,171,166,167,168,169,170,171,172,166,167,168,169,170,171,172,166,167,168,169,170,171,166,167,168,169,170,171,166,167,168,169,170,167,168,169,168
29,128,128,128,129,129,129,129,129,129,129,129,129,129,129,130,130,130,130,130,130,130,130,130,130,130,130,130,131,131,131,131,131,131,131,131,131,131,131,131,131,131,131,132,132,132,132,132,132,132,132,132,132,132,132,132,132,132,132,133,133,133,133,133,133,133,133,133,133,133,133,133,133,133,133,133,133,134,134,134,134,134,134,134,134,134,134,134,134,134,134,134,134,134,135,135,135,135,135,135,135,135,135,135,135,135,135,135,135,135,135,136,136,136,136,136,136,136,136,136,136,136,136,137,137,137,137,137,137,137,137,137,138,138,138,138,138,138,138,138,138,139,139,139,139,139,139,139,139,139,140,140,140,140,140,140,140,140,141,141,141,141,141,141,142,142,142,142,142,143,143,143
29,196,197,198,187,188,189,190,191,194,195,196,197,198,199,186,187,188,189,190,191,193,194,195,196,197,198,199,185,186,187,188,189,190,191,192,193,194,195,196,197,198,199,185,186,187,188,189,190,191,192,193,194,195,196,197,198,199,200,185,186,187,188,189,190,193,194,195,196,197,198,199,200,201,202,203,204,185,186,187,188,189,190,194,195,196,197,198,199,200,201,202,203,204,185,186,187,188,189,194,195,196,197,198,199,200,201,202,203,204,205,186,187,188,197,198,199,200,201,202,203,204,205,197,198,199,200,201,202,203,204,205,197,198,199,200,201,202,203,204,205,197,198,199,200,201,202,203,204,205,197,198,199,200,201,202,203,204,198,199,200,201,202,203,198,199,200,201,202,199,200,201
30,139,140,140,140,140,140,141,141,141,141,141,141,141,141,142,142,142,142,142,142,142,142,143,143,143,143,143,143,143,143,143,144,144,144,144,144,144,144,144,145,145,145,145,145,145,145,145,146,146,146,146,146,146,146,147,147,147,147,147,148,148,148,148
30,233,229,230,232,233,234,227,228,229,230,231,232,233,234,227,228,229,230,231,232,233,234,226,227,228,229,230,231,232,233,234,226,227,228,229,230,231,232,233,226,227,228,229,230,231,232,233,226,227,228,229,230,231,232,227,228,229,230,231,227,228,229,230
31,133,133,134,134,134,135,135,135,135,135,136,136,136,136,136,136,137,137,137,137,137,137,137,138,138,138,138,138,138,138,139,139,139,139,139,139,139,140,140,140,140,140,141,141
31,247,248,246,247,248,245,246,247,248,249,244,245,246,247,248,249,244,245,246,247,248,249,250,244,245,246,247,248,249,250,244,245,246,247,248,249,250,245,246,247,248,249,246,247
32,140,140,141,141,141,141,141,142,142,142,142,142,143,143,143,143,143,143,144,144,144,144,144,144,145,145,145,145,145,145,146,146,146,146,146,146,147,147,147
32,143,144,141,142,143,144,145,141,142,143,144,145,141,142,143,144,145,146,140,141,142,143,144,145,140,141,142,143,144,145,140,141,142,143,144,145,141,142,143
33,141,141,141,141,142,142,142,142,142,142,142,143,143,143,143,143,143,143,143,143,144,144,144,144,144,144,144,144,144,144,145,145,145,145,145,145,145,145,145,145,145,145,146,146,146,146,146,146,146,146,146,146,146,147,147,147,147,147,147,147,147,147,147,147,148,148,148,148,148,148,148,148,148,148,148,149,149,149,149,149,149,149,150,150
33,371,372,373,374,370,371,372,373,374,375,376,368,369,370,371,372,373,374,375,376,368,369,370,371,372,373,374,375,376,377,367,368,369,370,371,372,373,374,375,376,377,378,367,368,369,370,371,372,373,374,375,376,377,367,368,369,370,371,372,373,374,375,376,377,367,368,369,370,371,372,373,374,375,376,377,368,369,370,371,374,375,376,369,370
34,143,144,144,144,144,145,145,145,145,145,146,146,146,146,146,146,147,147,147,147,147,147,147,148,148,148,148,148,148,148,149,149,149,149,149,149,149,150,150,150,150,150,150,150,150,151,151,151,151,151,151,151,151,152,152,152,152,152,152,152,152,152,152,152,153,153,153,153,153,153,153,153,153,153,153,153,153,153,154,154,154,154,154,154,154,154,154,154,154,154,154,154,155,155,155,155,155,155,155,155,155,155,155,155,155,155,156,156,156,156,156,156,156,156,156,156,156,156,157,157,157,157,157,157,157,157,157,158,158,158,158,158,158,159,159,159,159,159,159,160,160,160,160,160,160,161,161,161,161,161,161,162,162,162,162,162,163,163,163,163,163,164,164,164,164,164,165,165,165,165,165,166,166,166,166,167,167,167
34,215,213,214,215,216,213,214,215,216,217,212,213,214,215,216,217,212,213,214,215,216,217,218,212,213,214,215,216,217,218,211,212,213,214,215,216,217,209,210,211,212,213,214,215,216,208,209,210,211,212,213,214,215,208,209,210,211,212,213,214,215,218,219,220,208,209,210,211,212,213,214,215,216,217,218,219,220,221,208,209,210,211,212,213,214,215,216,217,218,219,220,221,208,209,210,211,212,213,214,215,216,217,218,219,220,221,208,209,210,211,212,215,216,217,218,219,220,221,210,211,215,216,217,218,219,220,221,215,216,217,218,219,220,214,215,216,217,218,219,213,214,215,216,217,218,212,213,214,215,216,218,212,213,214,215,216,212,213,214,215,216,212,213,214,215,216,212,213,214,215,216,212,213,214,215,212,213,214
35,146,146,146,147,147,147,147,147,148,148,148,148,148,148,149,149,149,149,149,149,149,149,150,150,150,150,150,150,150,150,150,150,150,150,151,151,151,151,151,151,151,151,151,151,151,151,151,151,151,152,152,152,152,152,152,152,152,152,152,152,152,152,152,152,152,152,152,152,153,153,153,153,153,153,153,153,153,153,153,153,153,153,153,153,153,153,154,154,154,154,154,154,154,154,154,154,154,154,154,154,154,154,154,155,155,155,155,155,155,155,155,155,155,155,155,155,155,155,155,156,156,156,156,156,156,156,156,156,156,156,156,156,156,157,157,157,157,157,157,157,157,157,157,157,157,157,158,158,158,158,158,158,158,158,158,158,158,158,159,159,159,159,159,159,159,160,160,160,160,160,160,161,161,161,161,161,161,162,162,162,162,162,162,163,163,163,163,163,163,164,164,164,164,164,164,165,165,165,165,165,165,165,165,165,165,165,166,166,166,166,166,166,166,166,166,166,166,167,167,167,167,167,167,167,167,167,167,168,168,168,168,168,168,168,168,168,168,168,168,169,169,169,169,169,169,169,169,169,169,169,169,169,170,170,170,170,170,170,170,170,170,170,170,170,170,170,170,170,170,171,171,171,171,171,171,171,171,171,171,171,171,171,171,171,171,171,171,172,172,172,172,172,172,172,172,172,172,172,172,172,172,172,173,173,173,173,173,173,173,173,173,173,173,174,174,174,174,174,174,174,174,174,174,175,175,175,175,175,175,175,176,176,176,176,176,176,176,177,177,177,177,177,177,177,177,177,177,177,177,177,177,178,178,178,178,178,178,178,178,178,178,178,178,178,178,178,178,178,178,178,179,179,179,179,179,179,179,179,179,179,179,179,179,179,179,179,179,179,179,179,180,180,180,180,180,180,180,180,180,180,180,180,180,180,180,180,180,180,180,180,180,180,180,181,181,181,181,181,181,181,181,181,181,181,181,181,181,181,181,181,181,181,181,181,181,181,182,182,182,182,182,182,182,182,182,182,182,182,182,182,182,182,182,182,182,182,182,182,183,183,183,183,183,183,183,183,183,183,183,183,183,183,183,183,183,183,183,183,183,184,184,184,184,184,184,184,184,184,184,184,184,184,184,184,184,184,185,185,185,185,185,185,185,185,185,185,185,186,186,186,186,186,186,187,187,187,187,187,187,188,188,188,188,188,188,188,188,188,189,189,189,189,189,189,189,189,189,189,190,190,190,190,190,190,190,190,190,190,191,191,191,191,191,191,191,191,192,192,192,192,192,192,192,192,193,193,193,193,193,193,193,194,194,194,194,194,194,195,195,195,195
35,262,263,264,261,262,263,264,265,260,261,262,263,264,265,260,261,262,263,264,265,266,267,259,260,261,264,265,266,267,269,270,271,272,273,258,259,260,261,264,265,266,267,268,269,270,271,272,273,274,256,257,258,259,260,261,262,263,264,265,266,267,268,269,270,271,272,273,274,256,257,258,259,260,261,262,263,264,266,267,268,269,270,271,272,273,274,255,256,257,258,259,260,261,262,263,266,267,268,269,270,271,272,273,255,256,257,258,259,260,261,262,266,267,268,269,270,271,272,273,255,256,257,258,259,260,261,266,267,268,269,270,271,272,255,256,257,258,259,260,261,266,267,268,269,270,271,256,257,258,259,260,264,265,266,267,268,269,270,258,263,264,265,266,267,268,262,263,264,265,266,267,262,263,264,265,266,267,262,263,264,265,266,267,262,263,264,265,266,267,262,263,264,265,266,267,256,257,258,259,260,261,262,263,264,265,266,256,257,258,259,260,261,262,263,264,265,266,256,257,258,259,260,261,262,263,264,265,256,257,258,259,260,261,262,263,264,265,266,267,256,257,258,259,260,261,262,263,264,265,266,267,272,256,257,258,259,260,261,262,263,264,265,266,267,268,269,270,271,272,256,257,258,259,260,261,262,263,264,265,266,267,268,269,270,271,272,273,257,258,259,262,263,264,265,266,267,268,269,270,271,272,273,262,263,264,265,267,268,269,270,271,272,273,263,264,265,267,268,269,270,271,272,273,267,268,269,270,271,272,273,267,268,269,270,271,272,273,259,260,261,262,263,267,268,269,270,271,272,273,274,275,258,259,260,261,262,263,264,266,267,268,269,270,271,272,273,274,275,276,277,258,259,260,261,262,263,264,265,266,267,268,270,271,272,273,274,275,276,277,278,256,257,258,259,260,261,262,263,264,265,266,267,268,269,270,271,272,273,274,275,276,277,278,254,255,256,257,258,259,260,261,262,263,264,265,266,267,268,271,272,273,274,275,276,277,278,253,254,255,256,257,258,259,260,261,262,263,264,265,266,267,268,272,273,274,275,276,277,252,253,254,255,256,257,258,259,260,261,264,265,266,267,268,272,273,274,275,276,277,252,253,254,255,256,257,258,259,260,264,265,266,267,268,273,274,275,251,252,253,254,255,256,257,265,266,267,274,251,252,253,254,255,256,251,252,253,254,255,256,247,248,249,250,251,252,253,254,255,246,247,248,249,250,251,252,253,254,255,245,246,247,248,249,250,251,252,253,254,244,245,246,247,248,249,250,251,244,245,246,247,248,249,250,251,244,245,246,247,248,249,250,244,245,246,247,248,249,245,246,247,248
36,145,145,145,146,146,146,146,146,146,147,147,147,147,147,147,147,147,148,148,148,148,148,148,148,148,148,149,149,149,149,149,149,149,149,149,149,149,149,149,150,150,150,150,150,150,150,150,150,150,150,150,150,150,151,151,151,151,151,151,151,151,151,151,151,151,151,152,152,152,152,152,152,152,152,152,152,152,152,152,152,153,153,153,153,153,153,153,153,153,153,154,154,154,154,154,154,154,155,155,155,155,155,156,156,156,156,156,157,157,157,157,158,158
36,342,343,344,340,341,342,343,344,345,339,340,341,342,343,344,345,346,336,339,340,341,342,343,344,345,346,334,335,336,337,338,339,340,341,342,343,344,345,346,332,333,334,335,336,337,338,339,340,341,342,343,344,345,331,332,333,334,335,336,337,338,339,340,341,342,343,330,331,332,333,334,335,336,337,338,339,340,341,342,343,330,331,332,333,334,335,336,339,340,341,330,331,332,333,334,335,336,330,331,332,333,334,330,331,332,333,334,330,331,332,333,331,332
37,148,148,148,149,149,149,149,149,149,150,150,150,150,150,150,150,150,151,151,151,151,151,151,151,151,152,152,152,152,152,152,152,152,152,153,153,153,153,153,153,153,153,153,154,154,154,154,154,154,154,154,154,155,155,155,155,155,155,155,155,155,155,156,156,156,156,156,156,156,156,156,156,157,157,157,157,157,157,157,157,157,157,158,158,158,158,158,158,159,159,159,159,159,159,160,160,160,160,160,160,160,161,161,161,161,161,161,161,162,162,162,162,162,163,163,163,163,164
37,293,294,295,291,292,293,294,295,296,290,291,292,293,294,295,296,297,290,291,292,293,294,295,296,297,289,290,291,292,293,294,295,296,297,289,290,291,292,293,294,295,296,297,289,290,291,292,293,294,295,296,297,289,290,291,292,293,294,295,296,297,298,290,291,292,293,294,295,296,297,298,299,290,291,292,293,294,295,296,297,298,299,294,295,296,297,298,299,294,295,296,297,298,299,293,294,295,296,297,298,299,293,294,295,296,297,298,299,294,295,296,297,298,294,295,296,297,295
38,152,152,152,153,153,153,153,153,153,153,154,154,154,154,154,154,154,155,155,155,155,155,155,155,155,156,156,156,156,156,156,156,156,156,156,157,157,157,157,157,157,157,157,157,157,157,158,158,158,158,158,158,158,158,158,158,158,159,159,159,159,159,159,159,159,159,159,160,160,160,160,160,160,160,161,161,161,161,161,161,162,162,162,162,162,162,163,163,163,163
38,169,170,171,166,167,168,169,170,171,172,166,167,168,169,170,171,172,165,166,167,168,169,170,171,172,162,163,164,165,166,167,168,169,170,171,160,161,162,163,164,165,166,167,168,169,170,159,160,161,162,163,164,165,166,167,168,169,158,159,160,161,162,163,164,165,166,167,158,159,160,161,162,163,164,158,159,160,161,162,163,158,159,160,161,162,163,159,160,161,162
39,158,159,159,159,159,159,160,160,160,160,160,160,160,160,161,161,161,161,161,161,161,161,162,162,162,162,162,162,162,162,162,163,163,163,163,163,163,163,163,163,164,164,164,164,164,164,164,164,164,164,164,164,164,164,165,165,165,165,165,165,165,165,165,165,165,165,165,165,166,166,166,166,166,166,166,166,166,166,166,166,166,167,167,167,167,167,167,167,167,167,167,168,168,168,168,168,168,168,168,169,169,169,169,169,169,169,169,170,170,170,170,170,170,170,171,171,171,171,171,171,171,171,171,171,171,171,172,172,172,172,172,172,172,172,172,172,172,172,172,173,173,173,173,173,173,173,173,173,173,173,173,174,174,174,174,174,174,174,174,174,174,174,174,175,175,175,175,175,175,175,175,175,175,175,175,176,176,176,176,176,176,176,176,176,176,176,176,176,176,176,177,177,177,177,177,177,177,177,177,177,177,177,177,177,177,177,178,178,178,178,178,178,178,178,178,178,178,178,178,178,178,178,179,179,179,179,179,179,179,179,179,179,179,179,179,179,180,180,180,180,180,180,180,180,180,181,181,181,181,181,181,181,182,182,182,182,182,183,183,183,184,184
39,278,276,277,278,279,280,274,275,276,277,278,279,280,281,274,275,276,277,278,279,280,281,273,274,275,276,277,278,279,280,281,273,274,275,276,277,278,279,280,281,273,274,275,276,277,278,279,280,281,282,283,284,285,286,273,274,275,276,277,278,279,280,281,282,283,284,285,286,274,275,276,277,278,279,280,281,282,283,284,285,286,275,276,277,280,281,282,283,284,285,286,279,280,281,282,283,284,285,286,279,280,281,282,283,284,285,286,280,281,282,283,284,285,286,280,281,282,283,284,285,286,287,288,291,292,293,281,282,283,284,285,286,287,288,289,290,291,292,293,283,284,285,286,287,288,289,290,291,292,293,294,283,284,285,286,287,288,289,290,291,292,293,294,283,284,285,286,287,288,289,290,291,292,293,294,283,284,285,286,287,288,289,290,291,292,293,294,295,296,297,283,284,285,286,287,288,289,290,291,292,293,294,295,296,297,298,283,284,285,286,287,288,289,290,291,292,293,294,295,296,297,298,283,284,285,286,289,290,291,292,293,294,295,296,297,298,284,285,292,293,294,295,296,297,298,292,293,294,295,296,297,298,292,293,294,295,296,293,294,295,293,294
40,152,152,152,153,153,153,153,153,153,153,154,154,154,154,154,154,154,155,155,155,155,155,155,155,155,156,156,156,156,156,156,156,156,157,157,157,157,157,157,157,157,158,158,158,158,158,158,158,158,159,159,159,159,159,160,160,160
40,311,312,313,308,309,310,311,312,313,314,308,309,310,311,312,313,314,307,308,309,310,311,312,313,314,306,307,308,309,310,311,312,313,306,307,308,309,310,311,312,313,306,307,308,309,310,311,312,313,307,308,309,310,311,308,309,310
41,161,161,161,161,161,162,162,162,162,162,162,162,163,163,163,163,163,163,163,163,164,164,164,164,164,164,164,164,165,165,165,165,165,165,165,165,166,166,166,166,166,166,166,167,167,167,167,167,167,168,168,168,168,169,169,169
41,223,224,225,226,227,222,223,224,225,226,227,228,221,222,223,224,225,226,227,228,221,222,223,224,225,226,227,228,221,222,223,224,225,226,227,228,221,222,223,224,225,226,227,221,222,223,224,225,226,222,223,224,225,222,223,224
42,165,165,165,166,166,166,166,166,166,167,167,167,167,167,167,168,168,168,168,168,168,168,169,169,169,169,169,169,169,170,170,170,170,170,170,170,171,171,171,171,171,171,172,172,172,172,172,173,173,173,173,174,174,174,174,175,175,175,175,176,176,176,176,176,177,177,177,177,177,178,178,178,178,178,179,179,179,179,179,180,180,180,180,181,181,181,181
42,362,363,364,360,361,362,363,364,365,360,361,362,363,364,365,359,360,361,362,363,364,365,359,360,361,362,363,364,365,359,360,361,362,363,364,365,359,360,361,362,363,365,359,360,361,362,363,359,360,361,362,358,359,360,361,358,359,360,361,357,358,359,360,361,357,358,359,360,361,357,358,359,360,361,357,358,359,360,361,358,359,360,361,358,359,360,361
43,159,159,160,160,160,160,161,161,161,161,161,161,162,162,162,162,162,162,163,163,163,163,163,163,163,164,164,164,164,164,164,164,165,165,165,165,165,165,166,166,166,166,166,167,167
43,253,254,252,253,254,255,250,251,252,253,254,255,250,251,252,253,254,255,249,250,251,252,253,254,255,249,250,251,252,253,254,255,250,251,252,253,254,255,250,251,252,253,254,251,252
44,174,174,175,175,175,175,175,176,176,176,176,176,176,176,177,177,177,177,177,177,177,177,178,178,178,178,178,178,178,179,179,179,179,179,179,180,180,180,180,181,181,181
44,212,213,210,211,212,213,216,210,211,212,213,214,215,216,209,210,211,212,213,214,215,216,210,211,212,213,214,215,216,210,211,212,213,214,215,211,212,213,214,211,212,213
45,147,147,147,148,148,148,148,148,148,149,149,149,149,149,149,149,150,150,150,150,150,150,150,151,151,151,151,151,151,151,151,152,152,152,152,152,152,152,152,153,153,153,153,153,153,153,153,154,154,154,154,154,154,154,154,154,155,155,155,155,155,155,155,155,155,155,155,156,156,156,156,156,156,156,156,156,156,157,157,157,157,157,157,157,157,157,158,158,158,158,158,158,158,158,159,159,159,159,159,159,159,159,160,160,160,160,160,160,160,160,161,161,161,161,161,161,161,162,162,162,162,162,163,163,163,163
45,236,237,238,234,235,236,237,238,239,233,234,235,236,237,238,239,233,234,235,236,237,238,239,232,233,234,235,236,237,238,239,232,233,234,235,236,237,238,239,232,233,234,235,236,237,238,239,233,234,235,236,237,238,239,242,243,233,234,235,236,237,238,239,241,242,243,244,234,235,236,239,240,241,242,243,244,245,235,238,239,240,241,242,243,244,245,238,239,240,241,242,243,244,245,238,239,240,241,242,243,244,245,238,239,240,241,242,243,244,245,238,239,240,241,242,243,244,239,240,241,242,243,239,240,241,242
46,158,158,159,159,159,159,159,160,160,160,160,160,160,160,161,161,161,161,161,161,161,161,162,162,162,162,162,162,162,162,163,163,163,163,163,163,163,163,164,164,164,164,164,164,164,164,164,164,164,164,165,165,165,165,165,165,165,165,165,165,165,165,165,166,166,166,166,166,166,166,166,166,166,166,166,166,166,166,166,166,167,167,167,167,167,167,167,167,167,167,167,167,167,167,167,167,167,167,167,167,167,167,167,168,168,168,168,168,168,168,168,168,168,168,168,168,168,168,168,168,168,168,168,168,168,168,168,169,169,169,169,169,169,169,169,169,169,169,169,169,169,169,169,169,169,169,169,169,169,169,169,169,169,170,170,170,170,170,170,170,170,170,170,170,170,170,170,170,170,170,170,170,170,170,170,170,170,170,170,170,171,171,171,171,171,171,171,171,171,171,171,171,171,171,171,171,171,171,171,171,172,172,172,172,172,172,172,172,172,172,172,172,172,172,172,172,172,172,173,173,173,173,173,173,173,173,173,173,173,173,173,173,173,174,174,174,174,174,174,174,174,174,174,174,175,175,175,175,175,175,175,175,176,176,176,176,176,177,177,177,177,178,178,178,178,178,179,179,179,179,179,179,180,180,180,180,180,180,181,181,181,181,181,182,182,182,182
46,354,355,352,353,354,355,356,351,352,353,354,355,356,357,350,351,352,353,354,355,356,357,349,350,351,352,353,354,355,356,349,350,351,352,353,354,355,356,337,338,339,340,341,342,349,350,351,352,353,354,336,337,338,339,340,341,342,343,349,350,351,352,353,331,334,335,336,337,338,339,340,341,342,343,344,349,350,351,352,353,328,329,330,331,332,333,334,335,336,337,338,339,340,341,342,343,344,346,347,348,349,350,351,326,327,328,329,330,331,332,333,334,335,336,337,338,339,340,341,342,343,344,345,346,347,348,349,324,325,326,327,328,329,330,331,332,333,334,335,336,337,338,339,340,341,342,343,344,345,346,347,348,349,323,324,325,326,327,328,329,330,331,332,333,334,335,336,337,338,339,340,341,342,343,344,345,346,347,348,349,323,324,325,326,327,328,329,330,331,332,333,334,337,338,339,340,344,345,348,349,323,324,325,326,327,328,329,330,331,332,333,338,339,340,344,345,348,349,323,324,325,326,327,328,329,330,331,332,344,345,346,347,348,323,324,325,326,327,328,329,344,345,346,347,324,325,326,327,328,345,346,347,325,326,344,345,346,343,344,345,346,343,344,345,346,347,342,343,344,345,346,347,342,343,344,345,346,347,343,344,345,346,347,343,344,345,346
47,167,167,167,167,167,168,168,168,168,168,168,168,169,169,169,169,169,169,169,169,169,170,170,170,170,170,170,170,170,170,170,170,170,171,171,171,171,171,171,171,171,171,171,171,171,172,172,172,172,172,172,172,172,172,172,172,172,172,173,173,173,173,173,173,173,173,173,173,173,173,173,173,174,174,174,174,174,174,174,174,174,174,174,174,174,174,175,175,175,175,175,175,175,175,175,175,175,175,176,176,176,176,176,176,176,176,176,177,177,177,177,177,177,178,178,178,178,178,178,179,179,179,179,179,179,180,180,180,180,180,180,181,181,181,181,181,182,182,182,182,183,183,183,217
47,239,240,241,243,244,239,240,241,242,243,244,245,238,239,240,241,242,243,244,245,250,238,239,240,241,242,243,244,245,248,249,250,251,238,239,240,241,242,243,244,245,248,249,250,251,238,239,240,241,242,243,244,245,247,248,249,250,251,238,239,240,241,242,243,244,245,246,247,248,249,250,251,238,239,240,241,242,243,244,245,246,247,248,249,250,251,239,240,241,242,244,245,246,247,248,249,250,251,240,241,244,245,246,247,248,249,250,244,245,246,247,248,249,243,244,245,246,247,248,243,244,245,246,247,248,243,244,245,246,247,248,243,244,245,246,247,244,245,246,247,244,245,246,336
48,167,168,168,168,168,168,168,168,168,168,168,169,169,169,169,169,169,169,169,169,169,169,169,169,169,169,169,169,170,170,170,170,170,170,170,170,170,170,170,170,170,170,170,170,170,170,170,171,171,171,171,171,171,171,171,171,171,171,171,171,171,171,171,171,171,171,171,172,172,172,172,172,172,172,172,172,172,172,172,172,172,172,172,172,172,172,173,173,173,173,173,173,173,173,173,173,173,173,173,173,173,173,173,173,173,173,174,174,174,174,174,174,174,174,174,174,174,174,174,174,174,174,174,174,174,174,175,175,175,175,175,175,175,175,175,175,175,175,175,175,175,175,175,175,175,176,176,176,176,176,176,176,176,176,176,176,176,176,176,176,176,177,177,177,177,177,177,177,177,177,177,177,178,178,178,178,178,178,178,178,178,178,178,178,179,179,179,179,179,179,179,179,179,179,179,179,179,180,180,180,180,180,180,180,180,180,180,180,180,180,180,180,180,180,180,180,181,181,181,181,181,181,181,181,181,181,181,181,181,181,181,181,181,181,181,181,181,182,182,182,182,182,182,182,182,182,182,182,182,182,182,182,182,182,182,182,182,182,182,182,182,182,183,183,183,183,183,183,183,183,183,183,183,183,183,183,183,183,183,183,183,183,183,183,183,183,183,184,184,184,184,184,184,184,184,184,184,184,184,184,184,184,184,184,184,184,184,184,184,184,184,184,185,185,185,185,185,185,185,185,185,185,185,185,185,185,185,185,185,185,185,185,185,185,186,186,186,186,186,186,186,186,186,186,186,186,186,186,186,186,186,187,187,187,187,187,187,187,187,187,187,187,187,187,188,188,188,188,188,188,188,188,188,188,188,189,189,189,189,189,189,189,189,189,189,190,190,190,190,190,190,190,190,190,190,190,190,191,191,191,191,191,191,191,191,191,191,191,191,191,192,192,192,192,192,192,192,192,192,192,192,192,192,193,193,193,193,193,193,193,193,193,193,194,194,194,194,194,194,194,194,194,194,194,195,195,195,195,195,195,195,195,195,195,195,195,195,195,195,195,196,196,196,196,196,196,196,196,196,196,196,196,196,196,196,196,196,197,197,197,197,197,197,197,197,197,197,197,197,197,197,197,197,197,198,198,198,198,198,198,198,198,198,198,198,198,198,198,198,198,198,198,199,199,199,199,199,199,199,199,199,199,199,199,199,199,199,199,199,199,199,200,200,200,200,200,200,200,200,200,200,200,200,200,200,200,200,200,200,201,201,201,201,201,201,201,201,201,201,201,201,201,201,201,201,201,201,201,202,202,202,202,202,202,202,202,202,202,202,202,202,202,202,202,202,202,202,202,202,202,202,202,202,202,203,203,203,203,203,203,203,203,203,203,203,203,203,203,203,203,203,203,203,203,203,203,203,203,203,203,203,203,203,203,204,204,204,204,204,204,204,204,204,204,204,204,204,204,204,204,204,204,204,204,204,204,204,204,204,204,204,204,204,205,205,205,205,205,205,205,205,205,205,205,205,205,205,205,205,205,205,205,205,205,205,205,206,206,206,206,206,206,206,206,206,206,206,206,206,206,206,206,206,206,206,206,206,206,206,206,207,207,207,207,207,207,207,207,207,207,207,207,207,207,207,207,207,207,207,207,207,207,207,207,207,207,207,207,207,207,208,208,208,208,208,208,208,208,208,208,208,208,208,208,208,208,208,208,208,208,208,208,208,208,208,208,208,208,208,208,208,208,208,208,208,208,208,209,209,209,209,209,209,209,209,209,209,209,209,209,209,209,209,209,209,209,209,209,209,209,209,209,209,209,209,209,209,209,209,209,209,209,210,210,210,210,210,210,210,210,210,210,210,210,210,210,210,210,210,210,210,210,210,210,210,210,210,210,210,210,210,211,211,211,211,211,211,211,211,211,211,211,211,211,211,211,211,211,211,211,211,211,211,211,212,212,212,212,212,212,212,212,212,212,212,212,212,212,212,212,212,212,213,213,213,213,213,213,213,213,213,213,213,213,213,213,213,213,213,214,214,214,214,214,214,214,214,214,214,214,214,214,215,215,215,215,215,215,215,215,215,215,215,215,215,216,216,216,216,216,216,216,216,217,217,217,218
48,310,302,303,308,309,310,311,314,315,316,317,301,302,303,304,306,307,308,309,310,311,312,313,314,315,316,317,318,300,301,302,303,304,305,306,307,308,309,310,311,312,313,314,315,316,317,318,299,300,301,302,303,304,305,307,308,309,310,311,312,313,314,315,316,317,318,319,299,300,301,302,303,304,305,307,308,309,310,311,312,313,314,315,316,317,318,299,300,301,302,303,304,305,306,307,308,309,310,311,312,313,314,315,316,317,318,299,300,301,302,303,304,305,306,307,308,309,310,311,312,313,314,315,316,317,318,299,300,301,302,303,304,305,306,307,308,309,310,311,312,313,314,315,316,317,299,300,301,302,304,305,306,307,308,309,310,311,312,313,314,315,305,306,307,308,309,310,311,312,313,314,318,304,305,306,307,308,309,312,313,317,318,319,320,304,305,306,307,308,312,313,315,316,317,318,319,320,302,303,304,305,306,307,310,311,312,313,314,315,316,317,318,319,320,321,323,301,302,303,304,305,307,310,311,312,313,314,315,316,317,318,319,320,321,322,323,324,300,301,302,303,304,305,307,308,309,310,311,312,313,314,315,316,317,318,319,320,321,322,323,324,325,300,301,302,303,304,305,307,308,309,310,311,312,313,314,315,316,317,318,319,320,321,322,323,324,325,300,301,302,303,304,305,308,309,310,311,312,313,314,315,316,317,318,319,320,321,322,323,324,325,326,300,301,302,303,304,305,309,310,311,312,314,315,316,317,318,320,321,322,323,324,325,326,300,301,302,303,304,309,310,311,312,315,316,317,321,322,323,324,325,300,301,302,303,304,310,311,316,321,322,323,324,325,285,286,287,288,297,298,299,300,322,323,324,284,285,286,287,288,296,297,298,299,300,284,285,286,287,288,289,290,296,297,298,299,300,284,285,286,287,288,289,290,295,296,297,298,299,300,284,285,286,287,288,289,290,295,296,297,298,299,300,285,286,287,288,294,295,296,297,298,299,280,285,286,287,288,294,295,296,297,298,299,279,280,281,282,283,284,285,286,287,289,294,295,296,297,298,299,277,278,279,280,281,282,283,284,285,286,289,292,293,294,295,296,297,276,277,278,279,280,281,282,283,284,285,286,289,290,292,293,294,295,276,277,278,279,280,281,282,283,284,285,286,289,290,291,292,293,294,295,275,276,277,278,279,280,281,282,283,284,285,286,289,291,292,293,294,295,296,275,276,277,278,279,280,281,282,283,284,285,286,291,292,293,294,295,296,275,276,277,278,279,280,281,282,283,284,285,286,291,292,293,294,295,296,297,275,276,278,279,280,281,282,283,284,285,286,291,292,293,294,295,296,297,298,300,301,302,306,307,308,309,276,277,278,279,280,284,285,292,293,294,295,296,297,298,299,300,301,302,304,305,306,307,308,309,310,313,314,315,316,317,276,277,278,279,280,293,294,295,296,297,298,299,300,301,302,303,304,305,306,307,308,309,310,312,313,314,315,316,317,278,296,297,298,299,300,301,302,303,304,305,306,307,308,309,310,311,312,313,314,315,316,317,277,278,296,297,298,299,300,301,302,303,304,305,306,307,308,309,310,311,312,313,314,315,316,317,276,277,278,282,288,289,290,295,296,297,298,299,300,301,302,303,304,305,306,307,308,309,310,311,312,313,314,315,316,317,275,276,277,278,279,280,281,282,287,288,289,290,291,292,293,294,295,296,297,298,299,300,302,303,304,305,306,307,308,309,310,311,312,313,314,315,316,275,276,277,278,279,280,281,282,285,286,287,288,289,290,291,292,293,294,295,296,297,298,303,304,305,306,307,308,309,310,311,312,313,314,315,275,276,277,278,279,280,281,282,283,284,285,286,287,288,289,290,291,292,293,294,298,304,305,306,310,311,312,313,314,275,276,277,278,279,280,281,283,284,285,286,287,288,289,290,291,292,293,294,305,311,312,313,275,276,277,278,279,283,284,285,286,287,288,289,290,291,292,293,294,295,276,277,278,279,283,284,285,286,287,288,289,290,291,292,293,294,295,283,284,285,286,287,288,289,290,291,292,293,294,295,283,284,285,286,287,288,289,290,291,292,293,294,295,284,285,286,287,291,292,293,294,286,292,293,293
49,177,177,178,178,178,178,179,179,179,179,179,180,180,180,180,180,181,181,181,181,181,182,182,182,182,182,183,183,183,183,183,184,184,184
49,336,337,335,336,337,338,334,335,336,337,338,334,335,336,337,338,334,335,336,337,338,334,335,336,337,338,334,335,336,337,338,335,336,337
50,179,179,179,179,179,179,180,180,180,180,180,180,180,180,181,181,181,181,181,181,181,181,182,182,182,182,182,182,182,182,183,183,183,183,183,183,183,183,184,184,184,184,184,184,184,184,185,185,185,185,185,185,185,186,186,186,186,186,187,187,187
50,415,416,417,418,419,420,414,415,416,417,418,419,420,421,414,415,416,417,418,419,420,421,414,415,416,417,418,419,420,421,414,415,416,417,418,419,420,421,414,415,416,417,418,419,420,421,414,415,416,417,418,419,420,414,415,416,417,418,415,416,417
51,184,184,185,185,185,185,185,185,186,186,186,186,186,186,186,186,186,187,187,187,187,187,187,187,187,187,188,188,188,188,188,188,188,188,188,188,188,189,189,189,189,189,189,189,189,189,189,189,190,190,190,190,190,190,190,190,190,190,190,190,191,191,191,191,191,191,191,191,191,191,192,192,192,192,192,192,193,193,193,194,194
51,341,342,338,339,340,341,342,343,337,338,339,340,341,342,343,344,345,337,338,339,340,341,342,343,344,345,336,337,338,339,340,341,342,343,344,345,346,336,337,338,339,340,341,342,343,344,345,346,336,337,338,339,340,341,342,343,344,345,346,347,337,338,339,340,342,343,344,345,346,347,338,339,343,344,345,346,343,344,345,344,345
52,186,186,186,187,187,187,187,187,187,188,188,188,188,188,188,188,189,189,189,189,189,189,189,190,190,190,190,190,190,190,191,191,191,191,191,192,192,192,192,192,193,193,193,194
52,354,355,356,352,353,354,355,356,357,351,352,353,354,355,356,357,351,352,353,354,355,356,357,351,352,353,354,355,356,357,351,352,353,354,355,351,352,353,354,355,351,352,353,352
53,188,188,188,189,189,189,189,190,190,190,190,190,190,191,191,191,191,191,191,191,192,192,192,192,192,192,192,193,193,193,193,193,193,193,194,194,194,194,194,194,194,195,195,195,195,195,195,196,196,196,196,196,197,197,197
53,172,173,174,171,172,173,174,170,171,172,173,174,175,169,170,171,172,173,174,175,169,170,171,172,173,174,175,169,170,171,172,173,174,175,169,170,171,172,173,174,175,169,170,171,172,173,174,169,170,171,172,173,170,171,172
54,186,186,186,186,187,187,187,187,187,187,188,188,188,188,188,188,188,189,189,189,189,189,189,189,189,190,190,190,190,190,190,190,190,191,191,191,191,191,191,191,191,192,192,192,192,192,192,193,193,193,193,193,194,194,194,194,194,195,195,195,195,210
54,402,403,404,405,400,401,402,403,404,405,399,400,401,402,403,404,405,398,399,400,401,402,403,404,405,398,399,400,401,402,403,404,405,398,399,400,401,402,403,404,405,398,399,400,401,402,404,398,399,400,401,402,398,399,400,401,402,398,399,400,401,334
55,188,189,191
55,348,348,348
56,189,190,190,190,190,190,190,191,191,191,191,191,191,191,191,191,191,191,191,191,192,192,192,192,192,192,192,192,192,192,192,192,192,192,193,193,193,193,193,193,193,193,193,193,193,193,193,193,194,194,194,194,194,194,194,194,194,194,194,194,194,194,194,195,195,195,195,195,195,195,195,195,195,195,195,195,195,195,196,196,196,196,196,196,196,196,196,196,196,196,196,196,196,197,197,197,197,197,197,197,197,197,197,197,197,197,197,197,197,197,197,198,198,198,198,198,198,198,198,198,198,198,198,198,198,198,198,198,199,199,199,199,199,199,199,199,199,199,199,199,199,199,199,200,200,200,200,200,200,200,200,200,200,200,200,200,200,200,200,201,201,201,201,201,201,201,201,201,201,201,201,201,201,202,202,202,202,202,202,202,202,202,202,202,202,202,202,202,202,202,203,203,203,203,203,203,203,203,203,203,203,203,203,203,203,203,204,204,204,204,204,204,204,204,204,204,204,204,204,204,204,205,205,205,205,205,205,205,205,205,205,206,206,206,206,206,206,206,206,206,206,206,207,207,207,207,207,207,207,207,207,207,207,208,208,208,208,208,208,208,208,208,208,208,208,208,208,208,209,209,209,209,209,209,209,209,209,209,209,209,209,209,209,209,209,209,210,210,210,210,210,210,210,210,210,210,210,210,210,210,210,210,210,210,210,210,210,211,211,211,211,211,211,211,211,211,211,211,211,211,211,211,211,211,211,211,211,211,211,212,212,212,212,212,212,212,212,212,212,212,212,212,212,212,212,212,212,212,212,212,212,212,213,213,213,213,213,213,213,213,213,213,213,213,213,213,213,213,213,213,213,213,213,213,214,214,214,214,214,214,214,214,214,214,214,214,214,214,214,214,214,214,215,215,215,215,215,215,215,215,215,215,215,215,215,215,215,215,215,216,216,216,216,216,216,216,216,216,216,216,216,216,216,216,217,217,217,217,217,217,217,217,217,217,217,217,217,218,218,218,218,218,218,218,218,218,218,218,218,219,219,219,219,219,219,219,219,220,220,220,220,220,221,221,221,221,221,222,222,222,222,222,222,223,223,223,223,223,223,223,224,224,224,224,224,224,224,224,225,225,225,225,225,226,226,226,226,226,226,227,227,227,227,227,227,227,227,228,228,228,228,228,228,228,228,228,228,228,229,229,229,229,229,229,229,229,229,229,229,229,230,230,230,230,230,230,230,230,230,230,230,231,231,231,231,231,231,231,232,232,232,232,232,232,233,233,233,233,233,233,233,234,234,234,235,235,236
56,204,202,203,204,205,206,210,201,202,203,204,205,206,207,208,209,210,211,212,213,200,201,202,203,204,205,206,207,208,209,210,211,212,213,200,201,202,203,204,205,206,207,208,209,210,211,212,213,199,200,201,202,203,204,205,206,207,208,209,210,211,212,213,199,200,201,202,203,204,205,206,207,208,209,210,211,212,213,199,200,201,202,203,204,205,206,207,208,209,210,211,212,213,192,193,194,195,200,201,202,203,204,205,206,207,208,209,210,211,212,213,191,192,193,194,195,200,201,202,203,204,205,206,207,208,209,210,211,190,191,192,193,194,195,196,203,204,205,206,207,208,209,210,189,190,191,192,193,194,195,196,202,203,204,205,206,207,208,209,189,190,191,192,193,194,195,196,202,203,204,205,206,207,189,190,191,192,193,194,195,196,197,198,199,202,203,204,205,206,207,190,191,192,193,194,195,196,197,198,199,202,203,204,205,206,207,191,192,193,194,195,196,197,198,199,202,203,204,205,206,207,194,195,196,197,198,199,203,204,205,206,193,194,195,196,197,198,199,200,203,204,205,193,194,195,196,197,198,199,200,201,202,203,193,194,195,196,197,198,199,200,201,202,203,204,206,207,208,194,195,196,197,198,199,200,201,202,203,204,205,206,207,208,209,210,211,194,195,196,197,198,199,200,201,202,203,204,205,206,207,208,209,210,211,215,216,217,196,197,198,199,200,201,202,203,204,205,206,207,208,209,210,211,213,214,215,216,217,218,196,197,198,199,200,201,202,203,204,205,206,207,208,209,210,211,212,213,214,215,216,217,218,195,196,197,198,199,200,201,202,205,206,207,208,209,210,211,212,213,214,215,216,217,218,195,196,197,198,199,205,206,207,208,209,211,212,213,214,215,216,217,218,195,196,197,198,199,206,207,208,209,211,212,213,214,215,216,217,218,195,196,197,198,199,207,209,210,211,212,213,214,215,216,217,195,196,197,198,207,209,210,211,212,213,214,215,216,196,197,206,207,208,209,210,211,212,213,214,215,207,208,209,210,211,212,213,214,207,208,209,210,211,207,208,209,210,211,206,207,208,209,210,211,206,207,208,209,210,211,212,206,207,208,209,210,211,212,213,209,210,211,212,213,209,210,211,212,213,214,209,210,211,212,213,214,215,216,209,210,211,212,213,214,215,216,217,218,219,209,210,211,212,213,214,215,216,217,218,219,220,209,210,211,212,213,214,215,216,217,218,219,210,214,215,216,217,218,219,214,215,216,217,218,219,213,214,215,216,217,218,219,215,216,217,215,216,215
57,199,199,199,199,199,200,200,200,200,200,200,201,201,201,201,201,201,201,202,202,202,202,202,202,202,202,203,203,203,203,203,203,203,203,204,204,204,204,204,204,204,204,205,205,205,205,205,206,206,206,206,207,207
57,436,437,438,439,440,435,436,437,438,439,440,435,436,437,438,439,440,441,434,435,436,437,438,439,440,441,434,435,436,437,438,439,440,441,434,435,436,437,438,439,440,441,435,436,437,438,439,435,436,437,438,436,437
58,167,167,168,168,168,168,169,169,169,169,169,169,169,170,170,170,170,170,170,170,171,171,171,171,171,171,171,172,172,172,172,172,172,172,173,173,173,173,173,174,174,174,174
58,397,398,395,396,397,398,393,394,395,396,397,398,399,393,394,395,396,397,398,399,392,393,394,395,396,397,398,392,393,394,395,396,397,398,392,393,394,395,396,393,394,395,396
59,191,192,192,192,192,193,193,193,193,193,193,194,194,194,194,194,194,194,195,195,195,195,195,195,195,196,196,196,196,196,196,196,197,197,197,197,197,198,198,198,198,198,199,199,199
59,328,324,325,326,328,323,324,325,326,327,328,322,323,324,325,326,327,328,322,323,324,325,326,327,328,322,323,324,325,326,327,328,322,323,324,325,326,322,323,324,325,326,323,324,325
60,206,206,206,206,207,207,207,207,207,207,208,208,208,208,208,208,208,208,209,209,209,209,209,209,209,209,209,210,210,210,210,210,210,210,210,210,211,211,211,211,211,211,211,211,212,212,212,212,212,212,212,212,213,213,213,213,213,213,213,214,214,214,214,215
60,226,227,228,229,225,226,227,228,229,230,223,224,225,226,227,228,229,230,223,224,225,226,227,228,229,230,231,223,224,225,226,227,228,229,230,231,223,224,225,226,227,228,229,230,223,224,225,226,227,228,229,230,223,224,225,226,227,228,229,224,225,226,227,226
61,191,191,191,191,191,192,192,192,192,192,192,192,192,192,193,193,193,193,193,193,193,193,193,193,193,193,193,194,194,194,194,194,194,194,194,194,194,194,194,194,194,195,195,195,195,195,195,195,195,195,195,195,195,195,196,196,196,196,196,196,196,196,196,196,196,196,196,196,197,197,197,197,197,197,197,197,197,197,197,197,197,197,198,198,198,198,198,198,198,198,198,198,198,198,198,199,199,199,199,199,199,200,200,200
61,255,256,257,258,259,254,255,256,257,258,259,260,261,264,252,253,254,255,256,257,258,259,260,261,262,263,264,252,253,254,255,256,257,258,259,260,261,262,263,264,265,253,254,255,256,257,258,259,260,261,262,263,264,265,252,253,254,255,256,257,258,259,260,261,262,263,264,265,252,253,254,255,256,257,258,259,260,261,262,263,264,265,252,253,254,255,256,257,259,260,261,262,263,264,265,254,255,260,261,262,263,260,261,262
62,208,208,209,209,209,209,210,210,210,210,210,210,211,211,211,211,211,211,211,211,212,212,212,212,212,212,212,212,212,212,212,212,213,213,213,213,213,213,213,213,213,213,213,213,213,214,214,214,214,214,214,214,214,214,214,214,214,214,214,214,215,215,215,215,215,215,215,215,215,215,215,215,215,215,215,216,216,216,216,216,216,216,216,216,216,216,216,216,216,216,216,217,217,217,217,217,217,217,217,217,217,217,217,217,217,217,217,218,218,218,218,218,218,218,218,218,218,218,218,218,218,218,218,218,219,219,219,219,219,219,219,219,219,219,219,219,219,219,219,219,220,220,220,220,220,220,220,220,220,220,220,220,220,220,220,220,221,221,221,221,221,221,221,221,221,221,221,221,221,221,221,221,222,222,222,222,222,222,222,222,222,222,222,222,222,222,222,223,223,223,223,223,223,223,223,223,223,223,223,223,223,223,223,223,223,224,224,224,224,224,224,224,224,224,224,224,224,224,224,224,224,224,224,224,225,225,225,225,225,225,225,225,225,225,225,225,225,225,225,225,225,226,226,226,226,226,226,226,226,226,226,226,226,226,226,227,227,227,227,227,227,227,227,227,227,227,227,228,228,228,228,228,228,228,228,228,228,229,229,229,229,229,229,229,229,229,230,230,230,230,230,230,230,230,231,231,231,231,231,231,231,231,231,231,232,232,232,232,232,232,232,232,232,232,232,232,233,233,233,233,233,233,233,233,233,233,233,233,233,234,234,234,234,234,234,234,234,234,234,234,234,235,235,235,235,235,235,235,235,235,235,236,236,236,236,236,236,236,236,236,236,236,237,237,237,237,238,238,238,238,239,239
62,244,245,243,244,245,246,241,242,243,244,245,246,237,240,241,242,243,244,245,246,235,236,237,238,239,240,241,242,243,244,245,246,234,235,236,237,238,239,240,241,242,243,244,245,246,232,233,234,235,236,237,238,239,240,241,242,243,244,245,246,232,233,234,235,236,237,238,239,240,241,242,243,244,245,246,230,231,232,233,234,235,236,237,238,239,240,241,242,243,244,245,229,230,231,232,233,234,235,236,237,238,239,240,241,242,243,244,227,228,229,230,231,232,233,234,235,236,237,238,239,240,241,242,243,227,228,229,230,231,232,233,234,235,236,237,238,239,240,241,242,226,227,228,229,230,231,232,233,234,235,236,237,238,239,240,241,226,227,228,229,230,231,232,233,234,235,236,237,238,239,240,241,226,228,229,230,231,232,233,234,235,236,237,238,239,240,241,224,225,226,227,228,229,230,231,232,233,234,235,236,237,238,239,240,241,223,224,225,226,227,228,229,230,231,232,233,234,235,236,237,238,239,240,241,222,223,224,225,226,230,231,232,233,234,235,236,237,238,239,240,241,222,223,224,225,226,230,231,232,233,234,235,238,239,240,222,223,224,225,226,231,232,233,234,235,239,240,222,223,224,225,226,231,232,233,234,235,222,223,224,225,231,232,233,234,235,223,224,225,232,233,234,239,240,234,235,236,237,238,239,240,241,242,243,232,233,234,235,236,237,238,239,240,241,242,243,231,232,233,234,235,236,237,238,239,240,241,242,243,231,232,233,234,235,236,237,238,239,240,241,242,231,232,233,234,235,236,237,238,239,240,230,231,232,233,234,235,236,237,238,239,240,231,232,233,234,231,232,233,234,232,233
63,211,211,212,212,212,212,212,213,213,213,213,213,213,213,214,214,214,214,214,214,214,215,215,215,215,215,215,215,215,216,216,216,216,216,216,216,216,217,217,217,217,217,217,217,218,218,218,218,219,219,219,219,220,221,221,222,222,222,222,223,223,223,223,223,224,224,224,224,224,225,225,225,225,225,225,225,226,226,226,226,226,226,226,226,226,227,227,227,227,227,227,227,227,227,227,228,228,228,228,228,228,228,228,228,228,228,228,228,228,228,229,229,229,229,229,229,229,229,229,229,229,229,229,229,229,229,230,230,230,230,230,230,230,230,230,230,230,230,230,231,231,231,231,231,231,231,231,231,231,231,231,231,231,232,232,232,232,232,232,232,232,232,232,232,232,232,233,233,233,233,233,233,233,233,233,233,233,234,234,234,234,234,234,234,234,235,235,235,235,235,235,236
63,266,267,264,265,266,267,268,262,263,264,265,266,267,268,262,263,264,265,266,267,268,261,262,263,264,265,266,267,268,261,262,263,264,265,266,267,268,261,262,263,264,265,266,267,262,263,264,265,262,263,264,265,263,262,263,261,262,263,264,260,261,262,263,264,260,261,262,263,264,258,259,260,261,262,263,264,256,257,258,259,260,261,262,263,264,253,256,257,258,259,260,261,262,263,264,249,250,251,252,253,254,255,256,257,258,259,260,261,262,263,248,249,250,251,252,253,254,255,256,257,258,259,260,261,262,263,248,249,250,251,252,253,254,255,256,257,258,259,260,247,248,249,250,251,252,253,254,255,256,257,258,259,260,247,248,249,250,251,252,253,254,255,256,257,258,259,248,249,250,251,252,253,255,256,257,258,259,248,249,250,251,256,257,258,259,249,250,251,256,257,258,257
64,211,211,211,211,211,211,211,212,212,212,212,212,212,212,212,212,212,212,213,213,213,213,213,213,213,213,213,213,213,213,213,213,214,214,214,214,214,214,214,214,214,214,214,214,214,214,214,214,215,215,215,215,215,215,215,215,215,215,215,215,215,215,215,215,216,216,216,216,216,216,216,216,216,216,216,216,216,216,216,216,217,217,217,217,217,217,217,217,217,217,217,217,217,217,217,218,218,218,218,218,218,218,218,218,218,218,218,218,218,219,219,219,219,219,219,219,219,219,219,219,219,220,220,220,220,220,220,220,220,220,220,220,220,221,221,221,221,221,221,221,221,221,221,221,221,222,222,222,222,222,222,222,222,222,222,222,222,222,223,223,223,223,223,223,223,223,223,223,223,223,223,224,224,224,224,224,224,224,224,224,224,224,224,224,225,225,225,225,225,225,225,225,226,226,226,226,226,226,226,227,227,227,227,227,227,227,228,228,228,228,228,228,228,229,229,229,229,229,229,230,230,230,230,230,230,231,231,231,231,231,231,232,232,232,232,232,232,233,233,233,233,233,233,234,234,234,234,234,234,235,235,235,235,235,236,236,236,236,236,236,237,237,237,237,237,237,237,237,237,238,238,238,238,238,238,238,238,238,238,238,238,239,239,239,239,239,239,239,239,239,239,239,239,239,239,240,240,240,240,240,240,240,240,240,240,240,240,240,240,240,241,241,241,241,241,241,241,241,241,241,241,241,241,241,242,242,242,242,242,242,242,242,242,242,243,243,243,243,243,243,243,243,243,244,244,244,244,244,245
64,159,160,161,162,163,168,169,158,159,160,161,162,163,166,167,168,169,170,157,158,159,160,161,162,163,165,166,167,168,169,170,171,156,157,158,159,160,161,162,163,164,165,166,167,168,169,170,171,156,157,158,159,160,161,162,163,164,165,166,167,168,169,170,171,156,157,158,159,160,161,162,163,164,165,166,167,168,169,170,171,156,157,158,159,160,161,162,163,164,165,166,167,168,169,170,157,158,159,160,161,162,163,164,165,166,167,168,169,170,158,160,161,162,163,164,165,166,167,168,169,170,160,161,162,163,164,165,166,167,168,169,170,171,160,161,162,163,164,165,166,167,168,169,170,171,160,161,162,163,164,165,166,167,168,169,170,171,172,160,161,162,163,164,165,166,167,168,169,170,171,172,160,161,162,163,164,165,166,167,168,169,170,171,172,164,165,166,167,168,169,170,171,164,165,166,167,168,169,170,164,165,166,167,168,169,170,162,163,164,165,166,167,168,162,163,164,165,166,167,161,162,163,164,165,166,160,161,162,163,164,165,160,161,162,163,164,165,160,161,162,163,164,165,160,161,162,163,164,165,161,162,163,164,165,161,162,163,164,165,166,159,160,161,164,165,166,167,169,170,158,159,160,161,162,164,165,166,167,168,169,170,157,158,159,160,161,162,163,164,165,166,167,168,169,170,156,157,158,159,160,161,162,163,164,165,166,167,168,169,170,157,158,159,160,161,162,163,164,165,166,167,168,169,170,158,159,160,161,164,165,166,167,168,169,157,158,159,160,164,165,166,167,168,158,159,165,166,167,166
65,218,219,219,219,220,220,220,220,220,220,221,221,221,221,221,221,221,221,221,221,222,222,222,222,222,222,222,222,222,222,222,222,223,223,223,223,223,223,223,223,223,223,223,223,224,224,224,224,224,224,224,224,224,224,224,224,224,225,225,225,225,225,225,225,225,225,225,225,225,225,226,226,226,226,226,226,226,226,226,226,226,227,227,227,227,227,227,227,228,228,228,228,229,229,229
65,276,275,276,277,274,275,276,277,278,279,274,275,276,277,278,279,280,282,283,284,273,274,275,276,277,278,279,280,281,282,283,284,273,274,275,276,277,278,279,280,281,282,283,284,273,274,275,276,277,278,279,280,281,282,283,284,285,273,274,275,276,277,278,279,280,281,282,283,284,285,274,275,276,277,279,280,281,282,283,284,285,275,276,280,281,282,283,284,281,282,283,284,281,282,283
66,220,220,220,221,221,221,221,221,222,222,222,222,222,223,223,223,223,223,223,224,224,224,224,224,224,225,225,225,225,225,225,225,226,226,226,226,226,226,227,227,227,227,227,228,228
66,99,100,101,98,99,100,101,102,98,99,100,101,102,97,98,99,100,101,102,97,98,99,100,101,102,96,97,98,99,100,101,102,96,97,98,99,100,101,97,98,99,100,101,98,99
67,210,211,211,211,211,211,211,212,212,212,212,212,212,212,213,213,213,213,213,213,213,214,214,214,214,214,214,214,215,215,215,215,215,215,215,216,216,216,216,216,216,216,217,217,217,217,217,218,218,218,219,219
67,335,332,333,334,335,336,337,331,332,333,334,335,336,337,331,332,333,334,335,336,337,331,332,333,334,335,336,337,331,332,333,334,335,336,337,331,332,333,334,335,336,337,331,332,333,334,335,332,333,334,333,334
68,218,218,219,219,219,219,220,220,220,220,220,220,220,221,221,221,221,221,221,221,221,222,222,222,222,222,222,222,222,223,223,223,223,223,223,223,224,224,224,224,224,224,224,225,225,225,225,225,226,226,226,226,226
68,304,308,303,304,305,308,302,303,304,305,306,307,308,301,302,303,304,305,306,307,308,301,302,303,304,305,306,307,308,301,302,303,304,305,306,307,301,302,303,304,305,306,307,301,302,303,304,305,301,302,303,304,305
69,211,211,211,211,211,212,212,212,212,212,212,212,213,213,213,213,213,213,214,214,214,214,215,215,215,215,215,216,216,216,216,216,216,217,217,217,218
69,251,252,253,254,255,250,251,252,253,254,255,256,250,251,253,254,255,256,250,254,255,256,250,251,253,254,255,250,251,252,253,254,255,251,252,253,252
70,224,225,225,225,225,226,226,226,226,226,226,227,227,227,227,227,227,228,228,228,228,228,228,228,228,229,229,229,229,229,229,229,229,230,230,230,230,230,230,230,231,231,231,231,231,231,231,232,232,232,232,232,233,233,233
70,154,152,153,154,155,151,152,153,154,155,156,151,152,153,154,155,156,150,151,152,153,154,155,156,157,150,151,152,153,154,155,156,157,150,151,152,153,154,155,156,150,151,152,153,154,155,156,151,152,153,154,155,152,153,154
71,214,214,215,215,215,215,216,216,216,216,216,217,217,217,217,217,217,217,218,218,218,218,218,218,218,219,219,219,219,219,219,219,220,220,220,220,220,221,221,221,221,222,222
71,189,190,188,189,190,191,187,188,189,190,191,186,187,188,189,190,191,192,186,187,188,189,190,191,192,186,187,188,189,190,191,192,187,188,189,190,191,187,188,189,190,188,189
72,226,226,227,227,227,227,227,228,228,228,229,229,229,230,230,230,231,231,232,232,232,233,233,233,233,233,234,234,234
72,178,179,176,177,178,179,180,179,180,181,179,180,181,179,180,181,179,180,174,179,180,174,175,176,177,178,175,176,177
73,231,231,231,232,232,232,232,233,233,233,233,233,234,234,234,234,234,235,235,235,235,235,236,236,236,236,236,237,237,237
73,205,206,207,204,205,206,207,204,205,206,207,208,204,205,206,207,208,204,205,206,207,208,204,205,206,207,208,205,206,207
74,233,233,233,233,234,234,234,234,234,234,235,235,235,235,235,235,236,236,236,236,236,236,236,237,237,237,237,237,237,237,237,238,238,238,238,238,238,238,239,239,239,239,239,240,240,240
74,298,299,300,301,296,297,298,299,300,301,296,297,298,299,300,301,295,296,297,298,299,300,301,295,296,297,298,299,300,301,302,295,296,297,298,299,300,301,296,297,298,299,300,297,298,299
75,233,234,234,234,234,234,235,235,235,235,235,235,236,236,236,236,236,236,237,237,237,237,237,237,237,238,238,238,238,238,238,238,239,239,239,239,239,239,239,240,240,240,240,240,241,241,241,242
75,271,268,269,270,271,272,267,268,269,270,271,272,267,268,269,270,271,272,266,267,268,269,270,271,272,266,267,268,269,270,271,272,266,267,268,269,270,271,272,266,267,268,269,270,267,268,269,268
76,238,238,238,239,239,239,239,239,239,240,240,240,240,240,241,241,241,242,242,242,243,243,243,244,244,245,245
76,290,291,292,288,289,290,291,292,293,287,290,291,292,293,291,292,293,291,292,293,291,292,293,290,291,290,291
77,238,239,239,239,239,239,239,240,240,240,240,240,240,240,241,241,241,241,241,241,241,242,242,242,242,242,242,242,243,243,243,243,243,243,243,243,244,244,244,244,244,244,244,244,244,244,245,245,245,245,245,245,245,245,245,245,246,246,246,246,246,246,246,246,246,246,247,247,247,247,247,247,247,247,248,248,248,248,248,248,249,249,249,249,249,249,250,250,250,250,250,251,251,251,251,252,252
77,251,249,250,251,252,253,254,248,249,250,251,252,253,254,248,249,250,251,252,253,254,248,249,250,251,252,253,254,246,247,248,249,250,251,252,253,244,245,246,247,248,249,250,251,252,253,243,244,245,246,247,248,249,250,251,252,242,243,244,245,246,247,248,249,250,251,242,243,244,245,246,247,248,249,242,243,244,245,246,247,242,243,244,245,246,247,242,243,244,245,246,243,244,245,246,244,245
78,242,242,242,243,243,243,243,243,243,244,244,244,244,244,244,244,245,245,245,245,245,245,245,246,246,246,246,246,246,246,247,247,247,247,247,247,247,248,248,248,248,248,248,249,249,249,249,250
78,129,130,131,127,128,129,130,131,132,126,127,128,129,130,131,132,126,127,128,129,130,131,132,126,127,128,129,130,131,132,126,127,128,129,130,131,132,126,127,128,129,130,131,127,128,129,130,128
79,239,240,240,240,240,240,240,241,241,241,241,241,241,241,242,242,242,242,242,242,242,243,243,243,243,243,243,243,244,244,244,244,244,244,244,245,245,245,245,245,245,245,246,246,246,246,247,247
79,122,119,120,121,122,123,124,119,120,121,122,123,124,125,119,120,121,122,123,124,125,118,119,120,121,122,123,124,118,119,120,121,122,123,124,118,119,120,121,122,123,124,119,120,121,122,120,121
80,247,247,248,248,248,248,248,249,249,249,249,249,249,249,250,250,250,250,250,250,250,250,251,251,251,251,251,251,251,251,252,252,252,252,252,252,252,253,253,253,253,253,253,254,254,254,254
80,216,217,214,215,216,217,218,213,214,215,216,217,218,219,212,213,214,215,216,217,218,219,212,213,214,215,216,217,218,219,212,213,214,215,216,217,218,212,213,214,215,216,217,213,214,215,216
81,250,250,251,251,251,251,251,251,252,252,252,252,252,252,253,253,253,253,253,253,253,254,254,254,254,254,254,254,255,255,255,255,255,255,256,256,256,256,256,256,257,257,257,257,258,258
81,313,314,310,311,312,313,314,315,310,311,312,313,314,315,309,310,311,312,313,314,315,309,310,311,312,313,314,315,309,310,311,312,313,314,309,310,311,312,313,314,310,311,312,313,311,312
82,253,253,254,254,254,254,254,255,255,255,255,255,255,256,256,256,256,256,256,256,257,257,257,257,257,257,258,258,258,258,258,258,258,258,259,259,259,259,259,259,259,259,259,259,260,260,260,260,260,260,260,260,260,261,261,261,261,261,261,261,261,262,262,262,262,262,262,262,263,263,263,263,263,263,264,264,264,264,264,264,265,265,265,265,265,265,266,266,266,266,267,267,267
82,76,77,74,75,76,77,78,74,75,76,77,78,79,73,74,75,76,77,78,79,73,74,75,76,77,78,71,72,73,74,75,76,77,78,69,70,71,72,73,74,75,76,77,78,68,69,70,71,72,73,74,75,76,68,69,70,71,72,73,74,75,67,68,69,70,71,72,73,67,68,69,70,71,72,67,68,69,70,71,72,67,68,69,70,71,72,68,69,70,71,68,69,70
83,253,253,253,254,254,254,254,254,254,255,255,255,255,255,255,255,255,256,256,256,256,256,256,256,256,256,257,257,257,257,257,257,257,257,258,258,258,258,258,258,258,258,259,259,259,259,259,259,259,260,260,260,260,260,261,261,261
83,278,279,280,275,276,277,278,279,280,274,275,276,277,278,279,280,281,273,274,275,276,277,278,279,280,281,273,274,275,276,277,278,279,280,273,274,275,276,277,278,279,280,273,274,275,276,277,278,279,273,274,275,276,277,274,275,276
84,255,255,255,255,255,256,256,256,256,256,256,257,257,257,257,257,257,257,258,258,258,258,258,258,258,259,259,259,259,259,259,260,260,260,260,260,261,261,261,262
84,265,266,267,268,269,264,265,266,267,268,269,263,264,265,266,267,268,269,263,264,265,266,267,268,269,263,264,265,266,267,268,263,264,265,266,267,264,265,266,265
85,258,258,259,259,259,259,259,260,260,260,260,260,260,260,261,261,261,261,261,261,261,261,262,262,262,262,262,262,262,262,263,263,263,263,263,263,263,264,264,264,264,264,264,264,265,265,265,265,265,266
85,142,143,140,141,142,143,144,139,140,141,142,143,144,145,138,139,140,141,142,143,144,145,138,139,140,141,142,143,144,145,138,139,140,141,142,143,144,138,139,140,141,142,143,144,139,140,141,142,143,141
86,255,255,256,256,256,256,256,256,257,257,257,257,257,257,257,257,258,258,258,258,258,258,258,258,259,259,259,259,259,259,259,259,259,259,260,260,260,260,260,260,260,260,260,260,261,261,261,261,261,261,261,261,261,261,262,262,262,262,262,262,262,262,263,263,263,263,263,263,264,264,264,264,265,265
86,335,336,333,334,335,336,337,338,332,333,334,335,336,337,338,339,332,333,334,335,336,337,338,339,331,332,333,334,335,336,337,338,339,340,331,332,333,334,335,336,337,338,339,340,331,332,333,334,335,336,337,338,339,340,331,332,333,334,335,336,337,338,332,333,334,335,336,337,333,334,335,336,334,335
87,259,259,259,259,260,260,260,260,260,260,261,261,261,261,261,261,261,261,262,262,262,262,262,262,262,262,263,263,263,263,263,263,263,263,264,264,264,264,264,264,264,264,265,265,265,265,265,265,265,266,266,266,266,266,266,267,267,267,267,268
87,219,220,221,222,218,219,220,221,222,223,217,218,219,220,221,222,223,224,216,217,218,219,220,221,222,223,216,217,218,219,220,221,222,223,216,217,218,219,220,221,222,223,216,217,218,219,220,221,222,216,217,218,219,220,221,217,218,219,220,218
88,254,254,255,255,255,255,255,255,256,256,256,256,256,256,257,257,257,257,257,257,257,258,258,258,258,258,258,258,259,259,259,259,259,259,259,260,260,260,260,260,260,261,261,261,261,261,262,262,262
88,203,204,200,201,202,203,204,205,200,201,202,203,204,205,199,200,201,202,203,204,205,199,200,201,202,203,204,205,199,200,201,202,203,204,205,199,200,201,202,203,204,199,200,201,202,203,200,201,202
89,259,259,259,259,260,260,260,260,260,260,260,261,261,261,261,261,261,261,261,262,262,262,262,262,262,262,262,263,263,263,263,263,263,263,263,264,264,264,264,264,264,264,265,265,265,265,265,265,266,266,266,266,266,267,267,267,268
89,252,253,254,255,250,251,252,253,254,255,256,250,251,252,253,254,255,256,257,250,251,252,253,254,255,256,257,250,251,252,253,254,255,256,257,250,251,252,253,254,255,256,250,251,252,253,254,255,250,251,252,253,254,251,252,253,252
90,265,265,265,266,266,266,266,266,266,267,267,267,267,267,267,268,268,268,268,268,268,268,269,269,269,269,269,269,269,270,270,270,270,270,270,271,271,271,271,271,271,272,272,272,273
90,171,172,173,169,170,171,172,173,174,169,170,171,172,173,174,168,169,170,171,172,173,174,168,169,170,171,172,173,174,169,170,171,172,173,174,169,170,171,172,173,174,170,171,172,171
91,264,264,264,265,265,265,265,265,266,266,266,266,266,266,267,267,267,267,267,267,267,268,268,268,268,268,268,268,268,269,269,269,269,269,269,269,269,270,270,270,270,270,270,270,270,271,271,271,271,271,271,271,271,272,272,272,272,272,272,272,273,273,273,273,273,273,273,274,274,274,274,275
91,269,270,271,268,269,270,271,272,267,268,269,270,271,272,267,268,269,270,271,272,273,266,267,268,269,270,271,272,273,266,267,268,269,270,271,272,273,266,267,268,269,270,271,272,273,266,267,268,269,270,271,272,273,267,268,269,270,271,272,273,267,268,269,270,271,272,273,268,269,270,271,269
92,270,270,270,271,271,271,271,271,271,272,272,272,272,272,272,272,273,273,273,273,273,273,273,274,274,274,274,274,274,274,275,275,275,275,275,275,275,276,276,276,276,276,276,276,277,277,277,277,277,277,278,278,278,279,279
92,284,285,286,282,283,284,285,286,287,281,282,283,284,285,286,287,281,282,283,284,285,286,287,281,282,283,284,285,286,287,280,281,282,283,284,285,286,280,281,282,283,284,285,286,280,281,282,283,284,285,281,282,283,281,282
93,268,268,268,269,269,269,269,269,269,270,270,270,270,270,270,271,271,271,271,271,271,272,272,272,272,272,272,273,273,273,273,273,273,274,274,274,274,274,274,275,275,275,275,275,276,276,276,277
93,187,188,189,185,186,187,188,189,190,185,186,187,188,189,190,185,186,187,188,189,190,185,186,187,188,189,190,185,186,187,188,189,190,185,186,187,188,189,190,185,186,187,188,189,186,187,188,187
94,274,274,274,275,275,275,275,275,276,276,276,276,276,277,277,277,277,277,277,277,278,278,278,278,278,278,278,279,279,279,279,279,279,279,280,280,280,280,280,280,281,281,281,281,282,282,283,284,284,284,284,285,285,285,285,285,285,285,286,286,286,286,286,286,286,287,287,287,287,287,287,287,287,288,288,288,288,288,288,288,289,289,289,289,289,290,290,290,291,291,291
94,214,215,216,212,213,214,215,216,212,213,214,215,216,211,212,213,214,215,216,217,211,212,213,214,215,216,217,211,212,213,214,215,216,217,211,212,213,214,215,216,212,213,214,215,213,214,213,211,212,213,214,211,212,213,214,215,216,217,210,211,212,213,214,215,217,210,211,212,213,214,215,216,217,210,211,212,213,214,215,216,211,212,213,214,215,212,213,214,212,213,214
95,277,278,278,278,278,278,279,279,279,279,279,279,280,280,280,280,281,281,281,281,282,282,282,283,283,284,284
95,189,187,188,189,190,191,186,187,188,189,190,191,186,189,190,191,185,189,190,191,185,190,191,190,191,189,190
96,279,279,280,280,280,280,280,281,281,281,281,281,281,281,282,282,282,282,282,282,282,283,283,283,283,283,283,283,283,284,284,284,284,284,284,284,284,285,285,285,285,285,285,285,285,286,286,286,286,286,286,286,286,287,287,287,287,287,288,288,288,288,289
96,317,318,315,316,317,318,319,314,315,316,317,318,319,320,314,315,316,317,318,319,320,313,314,315,316,317,318,319,320,313,314,315,316,317,318,319,320,313,314,315,316,317,318,319,320,313,314,315,316,317,318,319,320,314,315,316,317,318,314,315,316,317,316
97,279,279,279,280,280,280,280,280,280,281,281,281,281,281,281,281,282,282,282,282,282,282,282,283,283,283,283,283,283,283,284,284,284,284,284,284,284,285,285,285,285,285,285,286,286,286,286,286,287,287,287,288
97,240,241,242,238,239,240,241,242,243,237,238,239,240,241,242,243,237,238,239,240,241,242,243,237,238,239,240,241,242,243,237,238,239,240,241,242,243,237,238,239,240,241,242,237,238,239,240,241,238,239,240,239
98,280,280,281,281,281,281,281,282,282,282,282,282,283,283,283,283,283,284,284,284,284,284,285,285,285,285,285,286,286,286,286,286,287,287,287,287,288,288
98,279,280,277,278,279,280,281,277,278,279,280,281,277,278,279,280,281,277,278,279,280,281,277,278,279,280,281,277,278,279,280,281,277,278,279,280,278,279
99,287,287,287,287,287,288,288,288,288,288,288,288,289,289,289,289,289,289,289,290,290,290,290,290,290,290,291,291,291,291,291,291,291,292,292,292,292,292,292,293,293,293,293,294
99,168,169,170,171,172,167,168,169,170,171,172,173,166,167,168,169,170,171,172,166,167,168,169,170,171,172,166,167,168,169,170,171,172,166,167,168,169,170,171,166,169,170,171,169
100,288,288,288,289,289,289,289,289,289,289,290,290,290,290,290,290,290,290,291,291,291,291,291,291,291,291,292,292,292,292,292,292,292,292,293,293,293,293,293,293,293,293,293,294,294,294,294,294,294,294,294,295,295,295,295,295,296,296,296,296,296,297,297,297
100,297,298,299,294,295,296,297,298,299,300,293,294,295,296,297,298,299,300,293,294,295,296,297,298,299,300,293,294,295,296,297,298,299,300,292,293,294,295,296,297,298,299,300,292,293,294,295,296,297,298,299,293,294,295,296,297,293,294,295,296,297,294,295,296
101,289,289,289,289,289,289,290,290,290,290,290,290,290,290,291,291,291,291,291,291,291,291,292,292,292,292,292,292,292,292,293,293,293,293,293,293,293,293,294,294,294,294,294,294,294,294,294,294,295,295,295,295,295,295,295,295,295,295,296,296,296,296,296,296,296,296,296,296,296,297,297,297,297,297,297,297,297,297,297,297,298,298,298,298,298,298,298,298,298,298,298,298,299,299,299,299,299,299,299,299,299,299,299,300,300,300,300,300,300,300,300,300,301,301,301,301,301,301,301,301,302,302,302,302,302,302,302,303,303,303,303,303,303,303,304,304,304,304,304,304,305,305,305,305,305,306,306,306,306
101,254,255,256,257,258,259,252,253,254,255,256,257,258,259,252,253,254,255,256,257,258,259,252,253,254,255,256,257,258,259,252,253,254,255,256,257,258,259,250,251,252,253,254,255,256,257,258,259,249,250,251,252,253,254,255,256,257,258,248,249,250,251,252,253,254,255,256,257,258,248,249,250,251,252,253,254,255,256,257,258,248,249,250,251,252,255,256,257,258,259,260,261,248,249,250,251,255,256,257,258,259,260,261,249,250,255,256,257,258,259,260,261,254,255,256,257,258,259,260,261,254,255,256,257,258,259,260,254,255,256,257,258,259,260,254,255,256,257,258,259,254,255,256,257,258,255,256,257,258
102,292,292,292,293,293,293,293,293,294,294,294,294,294,294,294,295,295,295,295,295,295,295,295,296,296,296,296,296,296,296,297,297,297,297,297,297,297,298,298,298,298,298,299,299,299,299,300
102,203,204,205,202,203,204,205,206,200,201,202,203,204,205,206,199,200,201,202,203,204,205,206,199,200,201,202,203,204,205,199,200,201,202,203,204,205,200,201,202,203,204,200,201,202,203,201
103,295,295,295,295,295,296,296,296,296,296,296,297,297,297,297,297,297,298,298,298,298,298,298,298,299,299,299,299,299,299,300,300,300,300,300,300,301,301,301,301,302,302
103,192,193,194,195,196,191,192,193,194,195,196,191,192,193,194,195,196,190,191,192,193,194,195,196,190,191,192,193,194,195,190,191,192,193,194,195,190,191,192,193,191,192
104,295,295,295,295,295,295,296,296,296,296,296,296,297,297,297,297,297,297,297,297,298,298,298,298,298,298,298,299,299,299,299,299,299,299,300,300,300,300,300,300,300,301,301,301,301,301,301,301,301,301,301,301,302,302,302,302,302,302,302,302,302,302,303,303,303,303,303,303,303,304,304,304,304,304,304,304,305,305,305,305,305,305,305,306,306,306,306,306,306,306,307,307,307,307,307,307,307,307,307,307,307,308,308,308,308,308,308,308,308,308,308,309,309,309,309,309,309,309,309,309,310,310,310,310,310,310,310,311,311,311,311,311,311,311,312,312,312,312,312,312,312,313,313,313,313,313,313,314,314,314,314,315,315,315
104,229,230,231,232,233,234,229,230,231,232,233,234,228,229,230,231,232,233,234,235,228,229,230,231,233,234,235,228,229,230,231,232,233,234,228,229,230,231,232,233,234,228,229,230,231,232,233,234,235,236,237,238,229,230,231,233,234,235,236,237,238,239,233,234,235,236,237,238,239,233,234,235,236,237,238,239,233,234,235,236,237,238,239,233,234,235,236,237,238,239,233,234,235,236,237,238,239,240,241,242,243,234,235,236,237,238,239,240,241,242,243,235,236,238,239,240,241,242,243,244,238,239,240,241,242,243,244,238,239,240,241,242,243,244,238,239,240,241,242,243,244,238,239,240,241,242,243,239,240,241,242,239,240,241
105,303,303,303,304,304,304,304,304,304,304,305,305,305,305,305,305,305,306,306,306,306,306,306,306,307,307,307,307,307,307,307,307,308,308,308,308,308,308,308,309,309,309,309,309,309,309,310,310,310,310,310,311,311,311
105,123,124,125,120,121,122,123,124,125,126,120,121,122,123,124,125,126,120,121,122,123,124,125,126,119,120,121,122,123,124,125,126,119,120,121,122,123,124,125,119,120,121,122,123,124,125,120,121,122,123,124,120,121,122
106,309,309,310,310,310,310,310,311,311,311,311,311,311,311,312,312,312,312,312,312,312,313,313,313,313,313,313,313,314,314,314,314,314,314,315,315,315,315,315,315,316,316,316,316,317,317
106,261,262,259,260,261,262,263,258,259,260,261,262,263,264,258,259,260,261,262,263,264,258,259,260,261,262,263,264,258,259,260,261,262,263,258,259,260,261,262,263,258,259,260,261,259,260
107,298,298,298,299,299,299,299,299,300,300,300,300,300,300,300,301,301,301,301,301,301,301,302,302,302,302,302,302,302,303,303,303,303,303,303,303,303,304,304,304,304,304,304,304,305,305,305,305,305,306,306,306,306
107,208,209,210,207,208,209,210,211,206,207,208,209,210,211,212,206,207,208,209,210,211,212,206,207,208,209,210,211,212,205,206,207,208,209,210,211,212,205,206,207,208,209,210,211,206,207,208,209,210,206,207,208,209
108,310,310,310,310,311,311,311,311,311,311,312,312,312,312,312,312,313,313,313,313,313,313,313,314,314,314,314,314,314,314,315,315,315,315,315,315,316,316,316,316,316,317,317,317,317,318,318
108,187,188,189,190,186,187,188,189,190,191,186,187,188,189,190,191,185,186,187,188,189,190,191,185,186,187,188,189,190,191,185,186,187,188,189,190,186,187,188,189,190,186,187,188,189,187,188
109,313,313,313,313,314,314,314,314,314,314,315,315,315,315,315,315,315,316,316,316,316,316,316,316,317,317,317,317,317,317,317,318,318,318,318,318,318,319,319,319,319,319,319,320,320,320,320,320,321,321
109,212,213,214,215,211,212,213,214,215,216,210,211,212,213,214,215,216,210,211,212,213,214,215,216,210,211,212,213,214,215,216,210,211,212,213,214,215,210,211,212,213,214,215,210,211,212,213,214,211,212
110,321,321,321,321,322,322,322,322,322,323,323,323,323,323,323,324,324,324,324,324,324,324,324,325,325,325,325,325,325,325,325,326,326,326,326,326,326,326,327,327,327,327,327,328,328,328,328,328,329,329,329,329,329,330,330,330,330,330,331,331,331,331,331,332,332,332,332,332,333,333,333,333,333,334,334,334,334,334,335,335,335
110,216,217,218,219,215,216,217,218,219,214,215,216,217,218,219,213,214,215,216,217,218,219,220,213,214,215,216,217,218,219,220,213,214,215,216,217,218,219,214,215,216,217,218,213,214,215,216,217,212,213,214,215,216,211,212,213,214,215,211,212,213,214,215,211,212,213,214,215,211,212,213,214,215,211,212,213,214,215,212,213,214
111,322,322,322,322,323,323,323,323,323,324,324,324,324,324,324,324,325,325,325,325,325,325,325,326,326,326,326,326,326,326,327,327,327,327,327,327,328,328,328,328,328,328,329,329,329,329,329,329,330,330,330,331
111,192,193,194,195,191,192,193,194,195,190,191,192,193,194,195,196,190,191,192,193,194,195,196,190,191,192,193,194,195,196,190,191,192,193,194,195,190,191,192,193,194,195,190,191,192,193,194,195,191,192,193,192
112,362,362,362,362,363,363,363,363,363,364,364,364,364,364,365,365,365,365,365,366,366,366,366,366,367,367,367,367,367,368,368,369
112,275,276,277,278,274,275,276,277,278,274,275,276,277,278,274,276,277,278,279,274,276,277,278,279,274,275,276,277,278,276,277,276
113,347,347,347,347,348,348,348,348,348,348,349,349,349,349,349,349,349,350,350,350,350,350,350,350,350,351,351,351,351,351,351,351,351,352,352,352,352,352,352,352,352,353,353,353,353,353,353,354,354,354,354,354,355,355,355
113,180,181,182,183,178,179,180,181,182,183,178,179,180,181,182,183,184,177,178,179,180,181,182,183,184,177,178,179,180,181,182,183,184,177,178,179,180,181,182,183,184,178,179,180,181,182,183,178,179,180,181,182,179,180,181
114,377,377,378,378,378,378,378,379,379,379,379,379,379,379,380,380,380,380,380,380,380,380,381,381,381,381,381,381,381,381,382,382,382,382,382,382,382,382,383,383,383,383,383,383,383,384,384,384,384,384,384,384,385,385,385,385,386,386,386
114,127,128,125,126,127,128,129,124,125,126,127,128,129,130,123,124,125,126,127,128,129,130,123,124,125,126,127,128,129,130,123,124,125,126,127,128,129,130,123,124,125,126,127,128,129,123,124,125,126,127,128,129,125,126,127,128,125,126,127
115,394,394,395,395,395,395,395,395,396,396,396,396,396,396,397,397,397,397,397,397,397,397,398,398,398,398,398,398,398,398,399,399,399,399,399,399,399,399,400,400,400,400,400,400,400,401,401,401,401,401,402,402,402,402
115,175,176,173,174,175,176,177,178,173,174,175,176,177,178,172,173,174,175,176,177,178,179,172,173,174,175,176,177,178,179,172,173,174,175,176,177,178,179,172,173,174,175,176,177,178,173,174,175,176,177,173,174,175,176
116
116
117
117
